Category,Nodes,Period_P_i,Noise_sigma_i,Mean_Temperature,Std_Temperature,Min_Temperature,Max_Temperature
A,node1-node10,500,0.1,19.999922971311,3.5368170080894457,14.597398895629086,25.361438435957513
B,node11-node20,200,0.2,20.0005003772065,3.541636165729346,14.157746326437211,25.763517484837273
C,node21-node30,50,0.3,20.000366775157897,3.5481220923627936,13.818918014809137,26.31240160189126
