{
  "whittle_indices": {
    "state_0": -0.4999732971191406,
    "state_1": 0.4999732971191406,
    "state_2": 1.0000038146972656,
    "state_3": -1.0000038146972656
  },
  "whittle_indices_array": [
    -0.4999732971191406,
    0.4999732971191406,
    1.0000038146972656,
    -1.0000038146972656
  ],
  "problem_parameters": {
    "num_states": 4,
    "gamma": 0.9999,
    "lambda_range": [
      -5.0,
      5.0
    ],
    "epsilon_lambda": 1e-05,
    "max_iter_bisection": 200
  },
  "convergence_info": [
    {
      "state": 0,
      "lambda": -0.4999732971191406,
      "final_f_value": -3.4080925828128272e-06,
      "iterations": 19,
      "converged": true
    },
    {
      "state": 1,
      "lambda": 0.4999732971191406,
      "final_f_value": 3.4080925829238495e-06,
      "iterations": 19,
      "converged": true
    },
    {
      "state": 2,
      "lambda": 1.0000038146972656,
      "final_f_value": -3.7866540880776263e-06,
      "iterations": 19,
      "converged": true
    },
    {
      "state": 3,
      "lambda": -1.0000038146972656,
      "final_f_value": 3.7778304151636632e-06,
      "iterations": 19,
      "converged": true
    }
  ],
  "matrices": {
    "R_matrix": [
      [
        -1,
        -1
      ],
      [
        0,
        0
      ],
      [
        0,
        0
      ],
      [
        1,
        1
      ]
    ],
    "P0_matrix": [
      [
        0.5,
        0.0,
        0.0,
        0.5
      ],
      [
        0.5,
        0.5,
        0.0,
        0.0
      ],
      [
        0.0,
        0.5,
        0.5,
        0.0
      ],
      [
        0.0,
        0.0,
        0.5,
        0.5
      ]
    ],
    "P1_matrix": [
      [
        0.5,
        0.5,
        0.0,
        0.0
      ],
      [
        0.0,
        0.5,
        0.5,
        0.0
      ],
      [
        0.0,
        0.0,
        0.5,
        0.5
      ],
      [
        0.5,
        0.0,
        0.0,
        0.5
      ]
    ]
  }
}