state,whittle_index
0,-0.4999732971191406
1,0.4999732971191406
2,1.0000038146972656
3,-1.0000038146972656
